-- phpMyAdmin SQL Dump
-- version 5.2.1
-- https://www.phpmyadmin.net/
--
-- Servidor: 127.0.0.1:3306
-- Tiempo de generación: 18-03-2025 a las 01:28:12
-- Versión del servidor: 9.1.0
-- Versión de PHP: 8.3.14

SET SQL_MODE = "NO_AUTO_VALUE_ON_ZERO";
START TRANSACTION;
SET time_zone = "+00:00";


/*!40101 SET @OLD_CHARACTER_SET_CLIENT=@@CHARACTER_SET_CLIENT */;
/*!40101 SET @OLD_CHARACTER_SET_RESULTS=@@CHARACTER_SET_RESULTS */;
/*!40101 SET @OLD_COLLATION_CONNECTION=@@COLLATION_CONNECTION */;
/*!40101 SET NAMES utf8mb4 */;

--
-- Base de datos: `tfg_db`
--

-- --------------------------------------------------------

--
-- Estructura de tabla para la tabla `balas`
--

DROP TABLE IF EXISTS `balas`;
CREATE TABLE IF NOT EXISTS `balas` (
  `id` int NOT NULL AUTO_INCREMENT,
  `nombre` varchar(50) DEFAULT NULL,
  `daño` int DEFAULT NULL,
  `penetracion` int DEFAULT NULL,
  `frag_percent` decimal(5,2) DEFAULT NULL,
  `retroceso` decimal(5,2) DEFAULT NULL,
  `precision_bala` decimal(5,2) DEFAULT NULL,
  `distanciaEf` varchar(20) DEFAULT NULL,
  `distanciaMax` varchar(20) DEFAULT NULL,
  `velocidad` varchar(20) DEFAULT NULL,
  `tier_id` int DEFAULT NULL,
  `tipo` varchar(50) NOT NULL DEFAULT 'General',
  PRIMARY KEY (`id`)
) ENGINE=MyISAM AUTO_INCREMENT=175 DEFAULT CHARSET=utf8mb4 COLLATE=utf8mb4_0900_ai_ci;

--
-- Volcado de datos para la tabla `balas`
--

INSERT INTO `balas` (`id`, `nombre`, `daño`, `penetracion`, `frag_percent`, `retroceso`, `precision_bala`, `distanciaEf`, `distanciaMax`, `velocidad`, `tier_id`, `tipo`) VALUES
(10, '7MM BUCKSHOT', 8, 3, 0.00, 0.00, 0.00, '39', '3', '415', 3, '12 Gauge Shot'),
(9, '6.5MM EXPRESS BUCKSHOT', 9, 3, 0.00, 0.00, 15.00, '71', 'NUNCA', '430', 3, '12 Gauge Shot'),
(8, '8.5MM MAGNUM BUCKSHOT', 8, 2, 0.00, 115.00, -15.00, '80', '116', '385', 3, '12 Gauge Shot'),
(7, '5.25MM BUCKSHOT', 8, 1, 0.00, 0.00, 0.00, '108', '9', '330', 3, '12 Gauge Shot'),
(11, 'PIRANHA', 10, 24, 0.00, 0.00, -5.00, '-', '-', '310', 6, '12 Gauge Shot'),
(12, 'FLECHETTE', 8, 31, 0.00, 0.00, -10.00, '>1KM', 'Never', '320', 6, '12 Gauge Shot'),
(13, 'RIP', 265, 2, 100.00, 35.00, 80.00, '188', '>1KM', '410', 0, '12 Gauge Slugs'),
(14, 'SUPERFORMANCE HP SLUG', 220, 5, 39.00, -15.00, 170.00, '344', '>1KM', '390', 0, '12 Gauge Slugs'),
(15, 'GRIZZLY 40 SLUG', 190, 12, 12.00, 20.00, 80.00, '840', '>1KM', '390', 6, '12 Gauge Slugs'),
(16, 'COPPER SABOT HP SLUG', 206, 14, 38.00, 10.00, 150.00, '305', '>1KM', '442', 6, '12 Gauge Slugs'),
(17, 'LEAD SLUG', 167, 15, 20.00, 0.00, 120.00, '487', '>1KM', '370', 6, '12 Gauge Slugs'),
(18, 'DUAL SABOT SLUG', 2, 17, 10.00, 15.00, 110.00, '251', '>1KM', '415', 6, '12 Gauge Slugs'),
(19, 'POLEVA-3\" SLUG', 140, 17, 20.00, -15.00, 100.00, '406', '>1KM', '410', 6, '12 Gauge Slugs'),
(20, 'FTX CUSTOM LITE SLUG', 183, 20, 10.00, -25.00, 135.00, '498', '>1KM', '480', 6, '12 Gauge Slugs'),
(21, 'POLEVA-6U\" SLUG', 150, 20, 15.00, -10.00, 115.00, '181', '>1KM', '430', 6, '12 Gauge Slugs'),
(22, 'MAKESHIFT .50 BMG SLUG', 197, 26, 5.00, 25.00, 90.00, '>1KM', '>1KM', '410', 6, '12 Gauge Slugs'),
(23, 'AP-20 ARMOR-PIERCING SLUG', 164, 37, 3.00, 50.00, 80.00, '905', '>1KM', '510', 6, '12 Gauge Slugs'),
(24, '5.6MM BUCKSHOT', 8, 1, 0.00, 10.00, -10.00, '124', 'Never', '340', 3, '20 GAUGE'),
(25, '6.2MM BUCKSHOT', 8, 2, 0.00, 10.00, -10.00, '124', 'NEVER', '410', 3, '20 GAUGE'),
(26, '6.5MM EXPRESS BUCKSHOT', 9, 3, 0.00, 0.00, 15.00, '71', 'NUNCA', '430', 3, '20 GAUGE'),
(27, '7.5MM BUCKSHOT', 8, 3, 0.00, 0.00, 0.00, '100', 'NEVER', '475', 3, '20 GAUGE'),
(28, '7.3MM BUCKSHOT', 8, 3, 0.00, 0.00, 0.00, '181', 'NEVER', '474', 6, '20 GAUGE'),
(29, 'DEVASTATOR SLUG', 198, 5, 100.00, 30.00, 125.00, '109', '>1KM', '405', 1, '20 GAUGE'),
(30, 'POLEVA-3\" SLUG', 120, 14, 20.00, -15.00, 110.00, '517', '>1KM', '425', 6, '20 GAUGE'),
(31, 'STAR SLUG', 154, 16, 10.00, 5.00, 130.00, '416', '>1KM', '415', 6, '20 GAUGE'),
(32, 'POLEVA-6U\" SLUG', 135, 17, 15.00, -10.00, 110.00, '438', '>1KM', '445', 6, '20 GAUGE'),
(33, 'ZVEZDA FLASHBANG ROUND', 0, 0, 20.00, 0.00, 0.00, '', '', '', 0, '23x75mm'),
(34, 'SHRAPNEL-25 BUCKSHOT', 8, 10, 0.00, 10.00, 20.00, '83', '>1KM', '375', 6, '23x75mm'),
(35, 'SHRAPNEL-10 BUCKSHOT', 8, 11, 0.00, 0.00, 0.00, '106', '>1KM', '270', 6, '23x75mm'),
(36, 'BARRIKADA SLUG', 192, 39, 20.00, 25.00, -5.00, '974', '>1KM', '420', 6, '23x75mm'),
(37, 'PM SP8 GZH', 67, 1, 60.00, 0.00, 0.00, '412', '>1KM', '250', 0, '9x18mm'),
(38, 'PM SP7 GZH', 77, 2, 2.00, 0.00, 0.00, '229', '>1KM', '420', 0, '9x18mm'),
(39, 'PM PSV', 69, 3, 40.00, 0.00, 0.00, '606', '>1KM', '280', 0, '9x18mm'),
(40, 'PM P GZH', 50, 5, 25.00, 0.00, 0.00, '478', '638', '302', 2, '9x18mm'),
(41, 'PM PSO GZH', 54, 5, 35.00, 0.00, 10.00, '459', '818', '315', 2, '9x18mm'),
(42, 'PM PS GS PPO', 55, 6, 25.00, 0.00, 0.00, '467', '>1KM', '330', 3, '9x18mm'),
(43, 'PM PRS GS', 58, 6, 30.00, 0.00, 0.00, '478', '>1KM', '302', 3, '9x18mm'),
(44, 'PM PPE GZH', 61, 7, 17.00, 0.00, 0.00, '438', '>1KM', '297', 4, '9x18mm'),
(45, 'PM PPT GZH', 59, 8, 20.00, -7.00, -5.00, '495', '>1KM', '301', 5, '9x18mm'),
(46, 'PM PST GZH', 50, 12, 20.00, 0.00, 0.00, '462', '615', '298', 6, '9x18mm'),
(47, 'PM RG028 GZH', 65, 12, 2.00, 0.00, 0.00, '476', '>1KM', '330', 6, '9x18mm'),
(48, 'PM BZHT GZH', 53, 18, 17.00, 0.00, 0.00, '303', '511', '325', 6, '9x18mm'),
(49, 'PMM PSTM GZH', 58, 24, 17.00, 5.00, 0.00, '322', '919', '420', 6, '9x18mm'),
(50, 'PM PBM GZH', 40, 28, 16.00, 4.00, 0.00, '133', '26', '519', 6, '9x18mm'),
(51, 'TT LRNPC', 66, 7, 35.00, -10.00, 10.00, '457', '>1KM', '385', 5, '7.62x25mm'),
(52, 'TT LRN', 64, 8, 35.00, -5.00, 5.00, '579', '>1KM', '375', 5, '7.62x25mm'),
(53, 'TT FMJ43', 60, 11, 25.00, 0.00, 0.00, '175', '595', '427', 6, '7.62x25mm'),
(54, 'TT P GL', 58, 14, 25.00, 0.00, 0.00, '411', '>1KM', '430', 6, '7.62x25mm'),
(55, 'TT PT GZH', 55, 18, 17.00, 0.00, -10.00, '426', '966', '415', 6, '7.62x25mm'),
(56, 'TT PST GZH', 50, 25, 20.00, 0.00, 0.00, '408', '615', '430', 6, '7.62x25mm'),
(57, 'RIP', 102, 2, 100.00, 5.00, 10.00, '290', '>1KM', '381', 0, '9x19mm'),
(58, 'TT LRN', 64, 8, 35.00, -5.00, 5.00, '579', '>1KM', '375', 5, '9x19mm'),
(59, 'QUAKEMAKER', 85, 8, 10.00, 10.00, 10.00, '725', '>1KM', '290', 6, '9x19mm'),
(60, 'PSO GZH', 59, 10, 25.00, 0.00, 0.00, '575', '>1KM', '340', 6, '9x19mm'),
(61, 'LUGER CCI', 70, 10, 25.00, 0.00, 0.00, '441', '>1KM', '420', 6, '9x19mm'),
(62, 'M882', 56, 18, 20.00, 0.00, 0.00, '', '', '385', 6, '9x19mm'),
(63, 'PST GZH', 54, 20, 15.00, 0.00, 0.00, '194', '452', '457', 6, '9x19mm'),
(64, 'AP 6.3', 52, 30, 5.00, 0.00, 0.00, '443', '776', '392', 6, '9x19mm'),
(65, 'PBP GZH', 52, 39, 5.00, 5.00, 5.00, '92', '220', '560', 6, '9x19mm'),
(66, 'ACP RIP', 130, 3, 100.00, 0.00, -5.00, '290', '>1KM', '293', 1, '.45'),
(67, 'ACP HYDRA-SHOK', 100, 13, 50.00, 0.00, 0.00, '725', '>1KM', '274', 6, '.45'),
(68, 'ACP LASERMATCH FMJ', 70, 19, 1.00, 0.00, 10.00, '575', '>1KM', '290', 6, '.45'),
(69, 'ACP MATCH FMJ', 72, 25, 1.00, 0.00, 0.00, '441', '>1KM', '340', 6, '.45'),
(70, 'ACP AP', 66, 38, 1.00, 7.00, -5.00, '428', '>1KM', '299', 6, '.45'),
(71, 'PE GZH', 80, 15, 35.00, -5.00, 0.00, '194', '452', '415', 6, '9x21mm'),
(72, 'P GZH', 65, 18, 30.00, -3.00, 0.00, '453', '776', '413', 6, '9x21mm'),
(73, 'PS GZH', 65, 18, 30.00, -3.00, 0.00, '453', '776', '413', 6, '9x21mm'),
(74, '7U4', 47, 27, 25.00, 0.00, 0.00, '', '', '300', 6, '9x21mm'),
(75, 'BT GZH', 49, 32, 20.00, 5.00, -5.00, '292', '>1KM', '410', 6, '9x21mm'),
(76, '7N42', 45, 38, 10.00, 10.00, -3.00, '', '', '400', 6, '9x21mm'),
(77, 'ACP RIP', 130, 3, 100.00, 0.00, -5.00, '290', '>1KM', '293', 1, '.45'),
(78, 'ACP HYDRA-SHOK', 100, 13, 50.00, 0.00, 0.00, '725', '>1KM', '274', 6, '.45'),
(79, 'ACP LASERMATCH FMJ', 70, 19, 1.00, 0.00, 10.00, '575', '>1KM', '290', 6, '.45'),
(80, 'ACP MATCH FMJ', 72, 25, 1.00, 0.00, 0.00, '441', '>1KM', '340', 6, '.45'),
(81, 'ACP AP', 66, 38, 1.00, 7.00, -5.00, '428', '>1KM', '299', 6, '.45'),
(82, 'SOFT POINT', 108, 12, 20.00, -29.00, 27.00, '', '', '455', 6, '.357 Magnum'),
(83, 'HP', 99, 18, 60.00, 15.00, 15.00, '', '', '481', 6, '.357 Magnum'),
(84, 'JHP', 88, 24, 60.00, 8.00, 15.00, '', '', '425', 6, '.357 Magnum'),
(85, 'FMJ', 70, 35, 1.00, 12.00, 0.00, '', '', '385', 6, '.357 Magnum'),
(86, 'R37.F', 98, 8, 100.00, 0.00, 0.00, '100', '>1KM', '729', 4, '5.7x28'),
(87, 'SS198LF', 70, 17, 80.00, 0.00, 0.00, '326', '>1KM', '792', 6, '5.7x28'),
(88, 'R37.X', 81, 11, 70.00, 0.00, 0.00, '100', '>1KM', '724', 6, '5.7x28'),
(89, 'SS197SR', 62, 25, 50.00, 0.00, 0.00, '401', '>1KM', '594', 6, '5.7x28'),
(90, 'L191 (TRACER)', 53, 33, 20.00, 0.00, -4.00, '358', '>1KM', '922', 6, '5.7x28'),
(91, 'SB193', 59, 27, 20.00, -15.00, 5.00, '>1KM', '>1KM', '299', 6, '5.7x28'),
(92, 'SS190', 49, 37, 20.00, 0.00, 0.00, '325', '463', '715', 6, '5.7x28'),
(93, 'ACTION SX', 65, 18, 50.00, 0.00, 0.00, '245', '>1KM', '690', 6, '4.6x30'),
(94, 'SUBSONIC SX', 52, 23, 20.00, -22.00, 10.00, '>1KM', '>1KM', '290', 6, '4.6x30'),
(95, 'JSP SX', 46, 32, 30.00, 0.00, 0.00, '', '', '579', 6, '4.6x30'),
(96, 'FMJ SX', 43, 40, 20.00, 0.00, 0.00, '367', '189', '620', 6, '4.6x30'),
(97, 'AP SX', 35, 53, 10.00, 10.00, 0.00, '198', 'Never', '680', 6, '4.6x30'),
(98, 'FMJ', 75, 17, 30.00, -5.00, 5.00, '', '>1KM', '330', 6, '9x39mm'),
(99, 'SP-5 GS', 71, 28, 20.00, 0.00, 0.00, '>1KM', '>1KM', '290', 6, '9x39mm'),
(100, 'SPP GS', 68, 35, 20.00, 7.00, 10.00, '887', '>1KM', '310', 6, '9x39mm'),
(101, 'PAB-9 GS', 62, 43, 10.00, 10.00, -15.00, '>1KM', '>1KM', '320', 6, '9x39mm'),
(102, 'SP-6 GS', 60, 48, 10.00, 5.00, 0.00, '>1KM', '>1KM', '305', 6, '9x39mm'),
(103, 'BP GS', 58, 54, 10.00, 15.00, 10.00, '>1KM', '>1KM', '295', 6, '9x39mm'),
(104, 'TKM GEKSA', 110, 14, 45.00, 0.00, 0.00, '484', '>1KM', '550', 6, '.366'),
(105, 'TKM FMJ', 98, 23, 25.00, 10.00, 0.00, '363', '>1KM', '580', 6, '.366'),
(106, 'TKM EKO', 73, 30, 20.00, -15.00, -10.00, '184', '>1KM', '770', 6, '.366'),
(107, 'TKM AP-M', 90, 42, 1.00, 35.00, -28.00, '633', '>1KM', '602', 6, '.366'),
(108, 'HP', 76, 9, 35.00, -3.00, 0.00, '368', '>1KM', '884', 5, '5.45x39mm'),
(109, 'PRS GS', 70, 13, 30.00, -5.00, 0.00, '392', '>1KM', '866', 6, '5.45x39mm'),
(110, 'SP', 65, 15, 45.00, -5.00, 10.00, '364', '>1KM', '873', 6, '5.45x39mm'),
(111, 'US GS', 63, 17, 10.00, -15.00, 0.00, '>1KM', '>1KM', '303', 6, '5.45x39mm'),
(112, 'T GS', 57, 20, 16.00, 0.00, -5.00, '331', '>1KM', '883', 6, '5.45x39mm'),
(113, 'FMJ', 55, 24, 25.00, 0.00, 0.00, '400', '>1KM', '884', 6, '5.45x39mm'),
(114, 'PS GS', 53, 28, 40.00, 0.00, 0.00, '352', '466', '890', 6, '5.45x39mm'),
(115, 'PP GS', 50, 34, 17.00, 3.00, 0.00, '382', '420', '886', 6, '5.45x39mm'),
(116, 'BT GS', 48, 37, 16.00, 5.00, -2.00, '310', '252', '880', 6, '5.45x39mm'),
(117, '7N40', 52, 42, 2.00, -10.00, 50.00, '388', '633', '915', 6, '5.45x39mm'),
(118, 'BP GS', 46, 45, 16.00, 7.00, -3.00, '378', '455', '890', 6, '5.45x39mm'),
(119, 'BS GS', 43, 54, 17.00, 10.00, -3.00, '363', '179', '830', 6, '5.45x39mm'),
(120, 'PPBS GS \"IGOLNIK\"', 37, 62, 2.00, 15.00, 0.00, '430', '85', '905', 6, '5.45x39mm'),
(121, 'WARMAGEDDON', 88, 3, 90.00, 10.00, 10.00, '525', '>1KM', '936', 6, '5.56x45mm'),
(122, 'HP', 79, 7, 70.00, 0.00, 0.00, '327', '>1KM', '947', 4, '5.56x45mm'),
(123, 'MK 255 MOD 0 (RRLP)', 72, 11, 3.00, 0.00, 0.00, '525', '>1KM', '936', 6, '5.56x45mm'),
(124, 'M856', 64, 18, 33.00, -2.00, -2.00, '358', '975', '874', 6, '5.56x45mm'),
(125, 'M855', 57, 31, 40.00, 0.00, 0.00, '358', '464', '922', 6, '5.56x45mm'),
(126, 'MK 318 MOD 0 (SOST)', 55, 33, 35.00, 3.00, 2.00, '409', '>1KM', '902', 6, '5.56x45mm'),
(127, 'M856A1', 52, 38, 42.00, 4.00, -4.00, '424', '594', '940', 6, '5.56x45mm'),
(128, 'M855A1', 49, 44, 44.00, 5.00, -5.00, '366', '352', '945', 6, '5.56x45mm'),
(129, 'M995', 42, 53, 42.00, 8.00, -7.00, '325', '149', '1013', 6, '5.56x45mm'),
(130, 'SSA AP', 38, 57, 20.00, 6.00, -9.00, '325', '29', '1013', 6, '5.56x45mm'),
(131, 'HP', 87, 15, 40.00, 5.00, -5.00, '382', '>1KM', '754', 6, '7.62x39mm'),
(132, 'SP', 68, 20, 35.00, -5.00, 0.00, '', '', '772', 6, '7.62x39mm'),
(133, 'FMJ', 63, 26, 30.00, -2.00, 0.00, '', '', '775', 6, '7.62x39mm'),
(134, 'US GZH', 56, 29, 8.00, -30.00, 5.00, '>1KM', '>1KM', '300', 6, '7.62x39mm'),
(135, 'T-45M1 GZH', 64, 30, 12.00, -6.00, -4.00, '314', '>1KM', '720', 6, '7.62x39mm'),
(136, 'PS GZH', 57, 35, 20.00, 0.00, 0.00, '393', '>1KM', '700', 6, '7.62x39mm'),
(137, 'PP', 55, 41, 15.00, 5.00, -1.00, '', '', '732', 6, '7.62x39mm'),
(138, 'BP GZH', 58, 47, 12.00, 7.00, -3.00, '387', '>1KM', '730', 6, '7.62x39mm'),
(139, 'MAI AP', 47, 58, 5.00, 10.00, -5.00, '387', '405', '730', 6, '7.62x39mm'),
(140, 'BLACKOUT WHISPER', 90, 14, 35.00, -5.00, 5.00, '490', '>1KM', '853', 6, '.300 blk'),
(141, 'BLACKOUT V-MAX', 72, 20, 25.00, -10.00, 30.00, '466', '>1KM', '723', 6, '.300 blk'),
(142, 'BLACKOUT BCP FMJ', 60, 30, 30.00, 0.00, 0.00, '563', '>1KM', '605', 6, '.300 blk'),
(143, 'BLACKOUT M62 TRACER', 54, 36, 20.00, 1.00, 0.00, '>1KM', '>1KM', '442', 6, '.300 blk'),
(144, 'BLACKOUT CBJ', 58, 43, 15.00, 5.00, 0.00, '', '', '725', 6, '.300 blk'),
(145, 'BLACKOUT AP', 51, 48, 30.00, 3.00, 0.00, '522', '>1KM', '635', 6, '.300 blk'),
(146, 'SIG FMJ', 80, 36, 18.00, 0.00, 0.00, '', '>', '899', 6, '6.8x51mm'),
(147, 'SIG HYBRID', 72, 47, 12.00, 10.00, 3.00, '', '>', '914', 6, '6.8x51mm'),
(148, 'ULTRA NOSLER', 107, 15, 70.00, -5.00, 10.00, '536', '>1KM', '822', 6, '7.62x51mm'),
(149, 'TCW SP', 87, 30, 35.00, -3.00, -2.00, '543', '>1KM', '808', 6, '7.62x51mm'),
(150, 'BCP FMJ', 83, 35, 20.00, 0.00, -7.00, '584', '>1KM', '840', 6, '7.62x51mm'),
(151, 'M80', 80, 41, 17.00, 0.00, 0.00, '483', '>1KM', '833', 6, '7.62x51mm'),
(152, 'M62 TRACER', 79, 44, 14.00, -1.00, -6.00, '462', '>1KM', '816', 6, '7.62x51mm'),
(153, 'M61', 70, 64, 13.00, 10.00, 3.00, '506', '>1KM', '849', 6, '7.62x51mm'),
(154, 'M993', 67, 70, 13.00, 8.00, 5.00, '445', '>1KM', '910', 6, '7.62x51mm'),
(155, 'HP BT (TRACER)', 102, 23, 40.00, 0.00, 0.00, '', '', '807', 6, '7.62x54R'),
(156, 'SP BT (TRACER)', 92, 27, 24.00, 0.00, 0.00, '', '', '703', 6, '7.62x54R'),
(157, 'FMJ', 84, 33, 20.00, 0.00, 0.00, '', '', '760', 6, '7.62x54R'),
(158, 'T-46M GZH', 82, 41, 18.00, -5.00, -1.00, '406', '>1KM', '800', 6, '7.62x54R'),
(159, 'LPS GZH', 81, 42, 18.00, 0.00, -5.00, '492', '>1KM', '865', 6, '7.62x54R'),
(160, 'PS GZH', 84, 45, 8.00, 8.00, 10.00, '510', '>1KM', '875', 6, '7.62x54R'),
(161, 'BT GZH', 78, 55, 8.00, -4.00, -2.00, '491', '>1KM', '875', 6, '7.62x54R'),
(162, 'SNB GZH', 75, 62, 8.00, 10.00, -2.00, '510', '>1KM', '875', 6, '7.62x54R'),
(163, 'BS GS', 72, 70, 8.00, 0.00, 0.00, '597', '>1KM', '785', 6, '7.62x54R'),
(164, 'PS12A', 165, 10, 70.00, -12.00, -15.00, '439', '>1KM', '290', 6, '12.7x55mm'),
(165, 'PS12', 115, 28, 30.00, 0.00, 10.00, '>1KM', '>1KM', '285', 6, '12.7x55mm'),
(166, 'PS12B', 102, 46, 30.00, 15.00, 0.00, '719', '>1KM', '300', 6, '12.7x55mm'),
(167, 'TAC-X', 196, 18, 50.00, 5.00, 10.00, '716', '>1KM', '880', 6, '.338 Lapua Magnum'),
(168, 'UCW', 142, 32, 60.00, 0.00, -5.00, '702', '>1KM', '849', 6, '.338 Lapua Magnum'),
(169, 'FMJ', 122, 47, 20.00, 0.00, 0.00, '733', '>1KM', '900', 6, '.338 Lapua Magnum'),
(170, 'AP', 115, 79, 13.00, 10.00, 0.00, '696', '>1KM', '849', 6, '.338 Lapua Magnum'),
(171, '30MM GRENADE', 199, 1, 0.00, 0.00, 0.00, '', '>', '', 0, 'Mounted Weapons'),
(172, '12.7X108MM', 182, 88, 17.00, 0.00, 0.00, '891', '>1KM', '', 6, 'Mounted Weapons'),
(173, '12.7X108MM TRACER', 199, 80, 17.00, 0.00, 0.00, '446', '>1KM', '', 6, 'Mounted Weapons'),
(174, '40MM BUCKSHOT GRENADE', 160, 5, 0.00, 0.00, 0.00, '994', '>1KM', '', 5, 'Mounted Weapons');

-- --------------------------------------------------------

--
-- Estructura de tabla para la tabla `balas_clases`
--

DROP TABLE IF EXISTS `balas_clases`;
CREATE TABLE IF NOT EXISTS `balas_clases` (
  `bala_id` int NOT NULL,
  `clase_id` int NOT NULL,
  PRIMARY KEY (`bala_id`,`clase_id`),
  KEY `clase_id` (`clase_id`)
) ENGINE=MyISAM DEFAULT CHARSET=utf8mb4 COLLATE=utf8mb4_0900_ai_ci;

--
-- Volcado de datos para la tabla `balas_clases`
--

INSERT INTO `balas_clases` (`bala_id`, `clase_id`) VALUES
(1, 1),
(2, 2),
(3, 6);

-- --------------------------------------------------------

--
-- Estructura de tabla para la tabla `clases`
--

DROP TABLE IF EXISTS `clases`;
CREATE TABLE IF NOT EXISTS `clases` (
  `id` int NOT NULL AUTO_INCREMENT,
  `Clase1` varchar(50) DEFAULT NULL,
  `Clase2` varchar(50) DEFAULT NULL,
  `Clase3` varchar(50) DEFAULT NULL,
  `Clase4` varchar(50) DEFAULT NULL,
  `Clase5` varchar(50) DEFAULT NULL,
  `Clase6` varchar(50) DEFAULT NULL,
  PRIMARY KEY (`id`)
) ENGINE=MyISAM AUTO_INCREMENT=8 DEFAULT CHARSET=utf8mb4 COLLATE=utf8mb4_0900_ai_ci;

--
-- Volcado de datos para la tabla `clases`
--

INSERT INTO `clases` (`id`, `Clase1`, `Clase2`, `Clase3`, `Clase4`, `Clase5`, `Clase6`) VALUES
(2, 'Escopeta', 'Blindada', 'Baja Velocidad', 'Militar', 'Común', 'Liviana'),
(3, 'Rifle', 'Alta Velocidad', 'Media Velocidad', 'Policial', 'Rara', 'Media'),
(4, 'Subfusil', 'Explosiva', 'Alta Velocidad', 'Personalizada', 'Épica', 'Pesada'),
(5, 'Pistola', 'Incendiaria', 'Supersónica', 'Civil', 'Legendaria', 'Antiblindaje'),
(6, 'Ametralladora', 'Hollow Point', 'Explosiva', 'Militar', 'Única', 'Especial'),
(7, 'Francotirador', 'Penetrante', 'Experimental', 'Táctica', 'Legendaria', 'Experimental');

-- --------------------------------------------------------

--
-- Estructura de tabla para la tabla `eficacia_clases`
--

DROP TABLE IF EXISTS `eficacia_clases`;
CREATE TABLE IF NOT EXISTS `eficacia_clases` (
  `id` int NOT NULL AUTO_INCREMENT,
  `bala_id` int NOT NULL,
  `clase` int NOT NULL,
  `valor` int NOT NULL,
  PRIMARY KEY (`id`),
  KEY `bala_id` (`bala_id`)
) ENGINE=MyISAM AUTO_INCREMENT=1051 DEFAULT CHARSET=utf8mb4 COLLATE=utf8mb4_0900_ai_ci;

--
-- Volcado de datos para la tabla `eficacia_clases`
--

INSERT INTO `eficacia_clases` (`id`, `bala_id`, `clase`, `valor`) VALUES
(1, 1, 1, 3),
(2, 1, 2, 3),
(3, 1, 3, 3),
(4, 1, 4, 3),
(5, 1, 5, 3),
(6, 1, 6, 3),
(7, 2, 1, 3),
(8, 2, 2, 3),
(9, 2, 3, 3),
(10, 2, 4, 3),
(11, 2, 5, 3),
(12, 2, 6, 3),
(13, 3, 1, 3),
(14, 3, 2, 3),
(15, 3, 3, 3),
(16, 3, 4, 3),
(17, 3, 5, 3),
(18, 3, 6, 3),
(19, 4, 1, 3),
(20, 4, 2, 3),
(21, 4, 3, 3),
(22, 4, 4, 3),
(23, 4, 5, 3),
(24, 4, 6, 3),
(25, 5, 1, 6),
(26, 5, 2, 6),
(27, 5, 3, 6),
(28, 5, 4, 5),
(29, 5, 5, 4),
(30, 5, 6, 4),
(31, 6, 1, 6),
(32, 6, 2, 6),
(33, 6, 3, 6),
(34, 6, 4, 5),
(35, 6, 5, 5),
(36, 6, 6, 5),
(37, 8, 1, 3),
(38, 8, 2, 2),
(39, 8, 3, 4),
(40, 8, 4, 1),
(41, 8, 5, 5),
(42, 8, 6, 3),
(43, 7, 6, 5),
(44, 7, 5, 3),
(45, 7, 4, 5),
(46, 7, 3, 3),
(47, 7, 2, 2),
(48, 7, 1, 5),
(49, 8, 6, 5),
(50, 8, 5, 5),
(51, 8, 4, 4),
(52, 8, 3, 5),
(53, 8, 2, 1),
(54, 8, 1, 2),
(55, 9, 6, 4),
(56, 9, 5, 1),
(57, 9, 4, 6),
(58, 9, 3, 2),
(59, 9, 2, 4),
(60, 9, 1, 6),
(61, 10, 6, 2),
(62, 10, 5, 3),
(63, 10, 4, 4),
(64, 10, 3, 4),
(65, 10, 2, 6),
(66, 10, 1, 1),
(67, 11, 6, 4),
(68, 11, 5, 5),
(69, 11, 4, 5),
(70, 11, 3, 5),
(71, 11, 2, 5),
(72, 11, 1, 2),
(73, 12, 6, 6),
(74, 12, 5, 1),
(75, 12, 4, 5),
(76, 12, 3, 4),
(77, 12, 2, 3),
(78, 12, 1, 5),
(79, 13, 6, 2),
(80, 13, 5, 6),
(81, 13, 4, 5),
(82, 13, 3, 6),
(83, 13, 2, 5),
(84, 13, 1, 6),
(85, 14, 6, 3),
(86, 14, 5, 1),
(87, 14, 4, 3),
(88, 14, 3, 1),
(89, 14, 2, 6),
(90, 14, 1, 1),
(91, 15, 6, 4),
(92, 15, 5, 5),
(93, 15, 4, 6),
(94, 15, 3, 3),
(95, 15, 2, 4),
(96, 15, 1, 4),
(97, 16, 6, 2),
(98, 16, 5, 4),
(99, 16, 4, 5),
(100, 16, 3, 3),
(101, 16, 2, 3),
(102, 16, 1, 5),
(103, 17, 6, 6),
(104, 17, 5, 6),
(105, 17, 4, 5),
(106, 17, 3, 6),
(107, 17, 2, 3),
(108, 17, 1, 4),
(109, 18, 6, 4),
(110, 18, 5, 2),
(111, 18, 4, 4),
(112, 18, 3, 5),
(113, 18, 2, 2),
(114, 18, 1, 2),
(115, 19, 6, 2),
(116, 19, 5, 3),
(117, 19, 4, 1),
(118, 19, 3, 3),
(119, 19, 2, 2),
(120, 19, 1, 3),
(121, 20, 6, 3),
(122, 20, 5, 6),
(123, 20, 4, 2),
(124, 20, 3, 4),
(125, 20, 2, 1),
(126, 20, 1, 5),
(127, 21, 6, 4),
(128, 21, 5, 6),
(129, 21, 4, 2),
(130, 21, 3, 6),
(131, 21, 2, 5),
(132, 21, 1, 2),
(133, 22, 6, 4),
(134, 22, 5, 3),
(135, 22, 4, 1),
(136, 22, 3, 3),
(137, 22, 2, 5),
(138, 22, 1, 4),
(139, 23, 6, 6),
(140, 23, 5, 5),
(141, 23, 4, 2),
(142, 23, 3, 3),
(143, 23, 2, 5),
(144, 23, 1, 2),
(145, 24, 6, 3),
(146, 24, 5, 5),
(147, 24, 4, 5),
(148, 24, 3, 3),
(149, 24, 2, 6),
(150, 24, 1, 3),
(151, 25, 6, 1),
(152, 25, 5, 2),
(153, 25, 4, 1),
(154, 25, 3, 5),
(155, 25, 2, 3),
(156, 25, 1, 1),
(157, 26, 6, 4),
(158, 26, 5, 2),
(159, 26, 4, 3),
(160, 26, 3, 1),
(161, 26, 2, 1),
(162, 26, 1, 4),
(163, 27, 6, 2),
(164, 27, 5, 3),
(165, 27, 4, 2),
(166, 27, 3, 3),
(167, 27, 2, 2),
(168, 27, 1, 2),
(169, 28, 6, 6),
(170, 28, 5, 2),
(171, 28, 4, 2),
(172, 28, 3, 4),
(173, 28, 2, 3),
(174, 28, 1, 1),
(175, 29, 6, 1),
(176, 29, 5, 6),
(177, 29, 4, 4),
(178, 29, 3, 1),
(179, 29, 2, 3),
(180, 29, 1, 2),
(181, 30, 6, 1),
(182, 30, 5, 2),
(183, 30, 4, 4),
(184, 30, 3, 5),
(185, 30, 2, 6),
(186, 30, 1, 2),
(187, 31, 6, 3),
(188, 31, 5, 5),
(189, 31, 4, 3),
(190, 31, 3, 6),
(191, 31, 2, 2),
(192, 31, 1, 2),
(193, 32, 6, 4),
(194, 32, 5, 2),
(195, 32, 4, 4),
(196, 32, 3, 2),
(197, 32, 2, 4),
(198, 32, 1, 2),
(199, 33, 6, 1),
(200, 33, 5, 5),
(201, 33, 4, 2),
(202, 33, 3, 3),
(203, 33, 2, 3),
(204, 33, 1, 4),
(205, 34, 6, 4),
(206, 34, 5, 1),
(207, 34, 4, 4),
(208, 34, 3, 6),
(209, 34, 2, 6),
(210, 34, 1, 5),
(211, 35, 6, 5),
(212, 35, 5, 5),
(213, 35, 4, 1),
(214, 35, 3, 3),
(215, 35, 2, 1),
(216, 35, 1, 5),
(217, 36, 6, 5),
(218, 36, 5, 3),
(219, 36, 4, 1),
(220, 36, 3, 6),
(221, 36, 2, 1),
(222, 36, 1, 5),
(223, 37, 6, 4),
(224, 37, 5, 4),
(225, 37, 4, 6),
(226, 37, 3, 6),
(227, 37, 2, 6),
(228, 37, 1, 2),
(229, 38, 6, 6),
(230, 38, 5, 2),
(231, 38, 4, 4),
(232, 38, 3, 6),
(233, 38, 2, 1),
(234, 38, 1, 5),
(235, 39, 6, 5),
(236, 39, 5, 6),
(237, 39, 4, 6),
(238, 39, 3, 4),
(239, 39, 2, 6),
(240, 39, 1, 5),
(241, 40, 6, 1),
(242, 40, 5, 6),
(243, 40, 4, 6),
(244, 40, 3, 3),
(245, 40, 2, 2),
(246, 40, 1, 3),
(247, 41, 6, 6),
(248, 41, 5, 5),
(249, 41, 4, 6),
(250, 41, 3, 3),
(251, 41, 2, 3),
(252, 41, 1, 5),
(253, 42, 6, 5),
(254, 42, 5, 3),
(255, 42, 4, 1),
(256, 42, 3, 5),
(257, 42, 2, 3),
(258, 42, 1, 1),
(259, 43, 6, 6),
(260, 43, 5, 1),
(261, 43, 4, 2),
(262, 43, 3, 4),
(263, 43, 2, 3),
(264, 43, 1, 3),
(265, 44, 6, 4),
(266, 44, 5, 5),
(267, 44, 4, 5),
(268, 44, 3, 6),
(269, 44, 2, 2),
(270, 44, 1, 5),
(271, 45, 6, 4),
(272, 45, 5, 3),
(273, 45, 4, 5),
(274, 45, 3, 5),
(275, 45, 2, 1),
(276, 45, 1, 6),
(277, 46, 6, 5),
(278, 46, 5, 1),
(279, 46, 4, 5),
(280, 46, 3, 3),
(281, 46, 2, 2),
(282, 46, 1, 5),
(283, 47, 6, 6),
(284, 47, 5, 4),
(285, 47, 4, 2),
(286, 47, 3, 4),
(287, 47, 2, 5),
(288, 47, 1, 4),
(289, 48, 6, 1),
(290, 48, 5, 2),
(291, 48, 4, 3),
(292, 48, 3, 5),
(293, 48, 2, 2),
(294, 48, 1, 1),
(295, 49, 6, 4),
(296, 49, 5, 3),
(297, 49, 4, 6),
(298, 49, 3, 1),
(299, 49, 2, 3),
(300, 49, 1, 6),
(301, 50, 6, 2),
(302, 50, 5, 4),
(303, 50, 4, 1),
(304, 50, 3, 5),
(305, 50, 2, 2),
(306, 50, 1, 2),
(307, 51, 6, 3),
(308, 51, 5, 1),
(309, 51, 4, 1),
(310, 51, 3, 4),
(311, 51, 2, 4),
(312, 51, 1, 5),
(313, 52, 6, 3),
(314, 52, 5, 5),
(315, 52, 4, 1),
(316, 52, 3, 4),
(317, 52, 2, 6),
(318, 52, 1, 3),
(319, 53, 6, 1),
(320, 53, 5, 4),
(321, 53, 4, 2),
(322, 53, 3, 4),
(323, 53, 2, 1),
(324, 53, 1, 6),
(325, 54, 6, 2),
(326, 54, 5, 4),
(327, 54, 4, 2),
(328, 54, 3, 3),
(329, 54, 2, 1),
(330, 54, 1, 2),
(331, 55, 6, 6),
(332, 55, 5, 4),
(333, 55, 4, 3),
(334, 55, 3, 2),
(335, 55, 2, 3),
(336, 55, 1, 1),
(337, 56, 6, 6),
(338, 56, 5, 5),
(339, 56, 4, 5),
(340, 56, 3, 3),
(341, 56, 2, 1),
(342, 56, 1, 1),
(343, 57, 6, 3),
(344, 57, 5, 6),
(345, 57, 4, 3),
(346, 57, 3, 3),
(347, 57, 2, 3),
(348, 57, 1, 6),
(349, 58, 6, 2),
(350, 58, 5, 5),
(351, 58, 4, 6),
(352, 58, 3, 4),
(353, 58, 2, 1),
(354, 58, 1, 5),
(355, 59, 6, 1),
(356, 59, 5, 2),
(357, 59, 4, 6),
(358, 59, 3, 6),
(359, 59, 2, 5),
(360, 59, 1, 6),
(361, 60, 6, 5),
(362, 60, 5, 5),
(363, 60, 4, 3),
(364, 60, 3, 4),
(365, 60, 2, 6),
(366, 60, 1, 1),
(367, 61, 6, 2),
(368, 61, 5, 3),
(369, 61, 4, 2),
(370, 61, 3, 1),
(371, 61, 2, 4),
(372, 61, 1, 5),
(373, 62, 6, 6),
(374, 62, 5, 1),
(375, 62, 4, 5),
(376, 62, 3, 4),
(377, 62, 2, 3),
(378, 62, 1, 2),
(379, 63, 6, 6),
(380, 63, 5, 5),
(381, 63, 4, 3),
(382, 63, 3, 4),
(383, 63, 2, 5),
(384, 63, 1, 5),
(385, 64, 6, 2),
(386, 64, 5, 4),
(387, 64, 4, 5),
(388, 64, 3, 3),
(389, 64, 2, 6),
(390, 64, 1, 1),
(391, 65, 6, 5),
(392, 65, 5, 4),
(393, 65, 4, 5),
(394, 65, 3, 5),
(395, 65, 2, 5),
(396, 65, 1, 5),
(397, 66, 6, 2),
(398, 66, 5, 6),
(399, 66, 4, 6),
(400, 66, 3, 5),
(401, 66, 2, 2),
(402, 66, 1, 1),
(403, 67, 6, 4),
(404, 67, 5, 6),
(405, 67, 4, 5),
(406, 67, 3, 6),
(407, 67, 2, 3),
(408, 67, 1, 3),
(409, 68, 6, 4),
(410, 68, 5, 1),
(411, 68, 4, 2),
(412, 68, 3, 3),
(413, 68, 2, 2),
(414, 68, 1, 1),
(415, 69, 6, 2),
(416, 69, 5, 3),
(417, 69, 4, 3),
(418, 69, 3, 6),
(419, 69, 2, 2),
(420, 69, 1, 1),
(421, 70, 6, 1),
(422, 70, 5, 1),
(423, 70, 4, 6),
(424, 70, 3, 3),
(425, 70, 2, 2),
(426, 70, 1, 3),
(427, 71, 6, 6),
(428, 71, 5, 3),
(429, 71, 4, 1),
(430, 71, 3, 3),
(431, 71, 2, 4),
(432, 71, 1, 6),
(433, 72, 6, 1),
(434, 72, 5, 2),
(435, 72, 4, 2),
(436, 72, 3, 4),
(437, 72, 2, 2),
(438, 72, 1, 2),
(439, 73, 6, 4),
(440, 73, 5, 3),
(441, 73, 4, 6),
(442, 73, 3, 2),
(443, 73, 2, 4),
(444, 73, 1, 2),
(445, 74, 6, 4),
(446, 74, 5, 2),
(447, 74, 4, 2),
(448, 74, 3, 2),
(449, 74, 2, 6),
(450, 74, 1, 4),
(451, 75, 6, 2),
(452, 75, 5, 2),
(453, 75, 4, 3),
(454, 75, 3, 5),
(455, 75, 2, 1),
(456, 75, 1, 2),
(457, 76, 6, 6),
(458, 76, 5, 4),
(459, 76, 4, 5),
(460, 76, 3, 5),
(461, 76, 2, 6),
(462, 76, 1, 5),
(463, 77, 6, 3),
(464, 77, 5, 3),
(465, 77, 4, 1),
(466, 77, 3, 6),
(467, 77, 2, 4),
(468, 77, 1, 2),
(469, 78, 6, 3),
(470, 78, 5, 1),
(471, 78, 4, 1),
(472, 78, 3, 2),
(473, 78, 2, 2),
(474, 78, 1, 3),
(475, 79, 6, 3),
(476, 79, 5, 6),
(477, 79, 4, 3),
(478, 79, 3, 4),
(479, 79, 2, 1),
(480, 79, 1, 2),
(481, 80, 6, 4),
(482, 80, 5, 2),
(483, 80, 4, 5),
(484, 80, 3, 1),
(485, 80, 2, 2),
(486, 80, 1, 5),
(487, 81, 6, 5),
(488, 81, 5, 4),
(489, 81, 4, 3),
(490, 81, 3, 5),
(491, 81, 2, 1),
(492, 81, 1, 4),
(493, 82, 6, 5),
(494, 82, 5, 6),
(495, 82, 4, 6),
(496, 82, 3, 3),
(497, 82, 2, 6),
(498, 82, 1, 4),
(499, 83, 6, 5),
(500, 83, 5, 2),
(501, 83, 4, 6),
(502, 83, 3, 1),
(503, 83, 2, 2),
(504, 83, 1, 6),
(505, 84, 6, 1),
(506, 84, 5, 4),
(507, 84, 4, 5),
(508, 84, 3, 6),
(509, 84, 2, 4),
(510, 84, 1, 2),
(511, 85, 6, 2),
(512, 85, 5, 2),
(513, 85, 4, 5),
(514, 85, 3, 2),
(515, 85, 2, 4),
(516, 85, 1, 4),
(517, 86, 6, 6),
(518, 86, 5, 6),
(519, 86, 4, 6),
(520, 86, 3, 3),
(521, 86, 2, 5),
(522, 86, 1, 4),
(523, 87, 6, 3),
(524, 87, 5, 4),
(525, 87, 4, 3),
(526, 87, 3, 3),
(527, 87, 2, 4),
(528, 87, 1, 5),
(529, 88, 6, 5),
(530, 88, 5, 5),
(531, 88, 4, 3),
(532, 88, 3, 5),
(533, 88, 2, 3),
(534, 88, 1, 1),
(535, 89, 6, 2),
(536, 89, 5, 6),
(537, 89, 4, 4),
(538, 89, 3, 3),
(539, 89, 2, 2),
(540, 89, 1, 5),
(541, 90, 6, 1),
(542, 90, 5, 6),
(543, 90, 4, 4),
(544, 90, 3, 6),
(545, 90, 2, 2),
(546, 90, 1, 4),
(547, 91, 6, 2),
(548, 91, 5, 3),
(549, 91, 4, 3),
(550, 91, 3, 6),
(551, 91, 2, 6),
(552, 91, 1, 5),
(553, 92, 6, 4),
(554, 92, 5, 1),
(555, 92, 4, 1),
(556, 92, 3, 1),
(557, 92, 2, 2),
(558, 92, 1, 1),
(559, 93, 6, 3),
(560, 93, 5, 2),
(561, 93, 4, 4),
(562, 93, 3, 3),
(563, 93, 2, 3),
(564, 93, 1, 5),
(565, 94, 6, 4),
(566, 94, 5, 4),
(567, 94, 4, 6),
(568, 94, 3, 1),
(569, 94, 2, 5),
(570, 94, 1, 3),
(571, 95, 6, 1),
(572, 95, 5, 6),
(573, 95, 4, 2),
(574, 95, 3, 6),
(575, 95, 2, 2),
(576, 95, 1, 6),
(577, 96, 6, 5),
(578, 96, 5, 2),
(579, 96, 4, 4),
(580, 96, 3, 4),
(581, 96, 2, 3),
(582, 96, 1, 5),
(583, 97, 6, 4),
(584, 97, 5, 4),
(585, 97, 4, 2),
(586, 97, 3, 4),
(587, 97, 2, 6),
(588, 97, 1, 6),
(589, 98, 6, 4),
(590, 98, 5, 5),
(591, 98, 4, 3),
(592, 98, 3, 2),
(593, 98, 2, 1),
(594, 98, 1, 2),
(595, 99, 6, 4),
(596, 99, 5, 5),
(597, 99, 4, 5),
(598, 99, 3, 1),
(599, 99, 2, 6),
(600, 99, 1, 1),
(601, 100, 6, 6),
(602, 100, 5, 4),
(603, 100, 4, 1),
(604, 100, 3, 6),
(605, 100, 2, 1),
(606, 100, 1, 5),
(607, 101, 6, 4),
(608, 101, 5, 5),
(609, 101, 4, 5),
(610, 101, 3, 6),
(611, 101, 2, 5),
(612, 101, 1, 2),
(613, 102, 6, 6),
(614, 102, 5, 6),
(615, 102, 4, 1),
(616, 102, 3, 2),
(617, 102, 2, 4),
(618, 102, 1, 4),
(619, 103, 6, 2),
(620, 103, 5, 4),
(621, 103, 4, 1),
(622, 103, 3, 5),
(623, 103, 2, 2),
(624, 103, 1, 3),
(625, 104, 6, 6),
(626, 104, 5, 4),
(627, 104, 4, 2),
(628, 104, 3, 3),
(629, 104, 2, 2),
(630, 104, 1, 6),
(631, 105, 6, 6),
(632, 105, 5, 1),
(633, 105, 4, 4),
(634, 105, 3, 6),
(635, 105, 2, 3),
(636, 105, 1, 2),
(637, 106, 6, 2),
(638, 106, 5, 3),
(639, 106, 4, 2),
(640, 106, 3, 6),
(641, 106, 2, 6),
(642, 106, 1, 4),
(643, 107, 6, 2),
(644, 107, 5, 6),
(645, 107, 4, 3),
(646, 107, 3, 5),
(647, 107, 2, 4),
(648, 107, 1, 2),
(649, 108, 6, 5),
(650, 108, 5, 5),
(651, 108, 4, 5),
(652, 108, 3, 1),
(653, 108, 2, 5),
(654, 108, 1, 6),
(655, 109, 6, 4),
(656, 109, 5, 2),
(657, 109, 4, 2),
(658, 109, 3, 4),
(659, 109, 2, 2),
(660, 109, 1, 5),
(661, 110, 6, 6),
(662, 110, 5, 1),
(663, 110, 4, 6),
(664, 110, 3, 3),
(665, 110, 2, 1),
(666, 110, 1, 2),
(667, 111, 6, 2),
(668, 111, 5, 3),
(669, 111, 4, 3),
(670, 111, 3, 5),
(671, 111, 2, 3),
(672, 111, 1, 1),
(673, 112, 6, 6),
(674, 112, 5, 4),
(675, 112, 4, 3),
(676, 112, 3, 6),
(677, 112, 2, 5),
(678, 112, 1, 6),
(679, 113, 6, 2),
(680, 113, 5, 3),
(681, 113, 4, 2),
(682, 113, 3, 6),
(683, 113, 2, 6),
(684, 113, 1, 2),
(685, 114, 6, 1),
(686, 114, 5, 3),
(687, 114, 4, 1),
(688, 114, 3, 1),
(689, 114, 2, 4),
(690, 114, 1, 1),
(691, 115, 6, 6),
(692, 115, 5, 4),
(693, 115, 4, 5),
(694, 115, 3, 3),
(695, 115, 2, 4),
(696, 115, 1, 1),
(697, 116, 6, 2),
(698, 116, 5, 2),
(699, 116, 4, 3),
(700, 116, 3, 4),
(701, 116, 2, 3),
(702, 116, 1, 1),
(703, 117, 6, 4),
(704, 117, 5, 2),
(705, 117, 4, 5),
(706, 117, 3, 1),
(707, 117, 2, 3),
(708, 117, 1, 3),
(709, 118, 6, 1),
(710, 118, 5, 1),
(711, 118, 4, 3),
(712, 118, 3, 4),
(713, 118, 2, 6),
(714, 118, 1, 4),
(715, 119, 6, 6),
(716, 119, 5, 2),
(717, 119, 4, 1),
(718, 119, 3, 1),
(719, 119, 2, 5),
(720, 119, 1, 6),
(721, 120, 6, 6),
(722, 120, 5, 1),
(723, 120, 4, 4),
(724, 120, 3, 4),
(725, 120, 2, 3),
(726, 120, 1, 3),
(727, 121, 6, 4),
(728, 121, 5, 5),
(729, 121, 4, 1),
(730, 121, 3, 1),
(731, 121, 2, 2),
(732, 121, 1, 1),
(733, 122, 6, 3),
(734, 122, 5, 6),
(735, 122, 4, 2),
(736, 122, 3, 5),
(737, 122, 2, 2),
(738, 122, 1, 3),
(739, 123, 6, 4),
(740, 123, 5, 3),
(741, 123, 4, 5),
(742, 123, 3, 4),
(743, 123, 2, 4),
(744, 123, 1, 6),
(745, 124, 6, 5),
(746, 124, 5, 3),
(747, 124, 4, 4),
(748, 124, 3, 5),
(749, 124, 2, 1),
(750, 124, 1, 2),
(751, 125, 6, 6),
(752, 125, 5, 3),
(753, 125, 4, 6),
(754, 125, 3, 1),
(755, 125, 2, 6),
(756, 125, 1, 2),
(757, 126, 6, 3),
(758, 126, 5, 4),
(759, 126, 4, 4),
(760, 126, 3, 2),
(761, 126, 2, 3),
(762, 126, 1, 2),
(763, 127, 6, 2),
(764, 127, 5, 5),
(765, 127, 4, 3),
(766, 127, 3, 3),
(767, 127, 2, 3),
(768, 127, 1, 5),
(769, 128, 6, 6),
(770, 128, 5, 2),
(771, 128, 4, 4),
(772, 128, 3, 2),
(773, 128, 2, 3),
(774, 128, 1, 6),
(775, 129, 6, 5),
(776, 129, 5, 6),
(777, 129, 4, 3),
(778, 129, 3, 3),
(779, 129, 2, 4),
(780, 129, 1, 4),
(781, 130, 6, 6),
(782, 130, 5, 2),
(783, 130, 4, 3),
(784, 130, 3, 3),
(785, 130, 2, 5),
(786, 130, 1, 4),
(787, 131, 6, 2),
(788, 131, 5, 6),
(789, 131, 4, 4),
(790, 131, 3, 2),
(791, 131, 2, 5),
(792, 131, 1, 1),
(793, 132, 6, 3),
(794, 132, 5, 2),
(795, 132, 4, 1),
(796, 132, 3, 5),
(797, 132, 2, 4),
(798, 132, 1, 2),
(799, 133, 6, 6),
(800, 133, 5, 3),
(801, 133, 4, 4),
(802, 133, 3, 4),
(803, 133, 2, 4),
(804, 133, 1, 4),
(805, 134, 6, 4),
(806, 134, 5, 1),
(807, 134, 4, 2),
(808, 134, 3, 3),
(809, 134, 2, 3),
(810, 134, 1, 6),
(811, 135, 6, 1),
(812, 135, 5, 5),
(813, 135, 4, 4),
(814, 135, 3, 6),
(815, 135, 2, 3),
(816, 135, 1, 3),
(817, 136, 6, 6),
(818, 136, 5, 6),
(819, 136, 4, 3),
(820, 136, 3, 6),
(821, 136, 2, 4),
(822, 136, 1, 5),
(823, 137, 6, 3),
(824, 137, 5, 1),
(825, 137, 4, 5),
(826, 137, 3, 4),
(827, 137, 2, 3),
(828, 137, 1, 3),
(829, 138, 6, 1),
(830, 138, 5, 6),
(831, 138, 4, 2),
(832, 138, 3, 2),
(833, 138, 2, 6),
(834, 138, 1, 5),
(835, 139, 6, 1),
(836, 139, 5, 5),
(837, 139, 4, 6),
(838, 139, 3, 2),
(839, 139, 2, 3),
(840, 139, 1, 1),
(841, 140, 6, 2),
(842, 140, 5, 1),
(843, 140, 4, 5),
(844, 140, 3, 1),
(845, 140, 2, 4),
(846, 140, 1, 3),
(847, 141, 6, 3),
(848, 141, 5, 1),
(849, 141, 4, 6),
(850, 141, 3, 2),
(851, 141, 2, 6),
(852, 141, 1, 4),
(853, 142, 6, 1),
(854, 142, 5, 3),
(855, 142, 4, 3),
(856, 142, 3, 2),
(857, 142, 2, 3),
(858, 142, 1, 6),
(859, 143, 6, 6),
(860, 143, 5, 2),
(861, 143, 4, 6),
(862, 143, 3, 5),
(863, 143, 2, 5),
(864, 143, 1, 2),
(865, 144, 6, 4),
(866, 144, 5, 6),
(867, 144, 4, 1),
(868, 144, 3, 4),
(869, 144, 2, 6),
(870, 144, 1, 5),
(871, 145, 6, 6),
(872, 145, 5, 1),
(873, 145, 4, 5),
(874, 145, 3, 6),
(875, 145, 2, 6),
(876, 145, 1, 5),
(877, 146, 6, 3),
(878, 146, 5, 6),
(879, 146, 4, 1),
(880, 146, 3, 6),
(881, 146, 2, 6),
(882, 146, 1, 3),
(883, 147, 6, 5),
(884, 147, 5, 1),
(885, 147, 4, 4),
(886, 147, 3, 1),
(887, 147, 2, 5),
(888, 147, 1, 1),
(889, 148, 6, 3),
(890, 148, 5, 5),
(891, 148, 4, 2),
(892, 148, 3, 2),
(893, 148, 2, 4),
(894, 148, 1, 5),
(895, 149, 6, 2),
(896, 149, 5, 6),
(897, 149, 4, 5),
(898, 149, 3, 6),
(899, 149, 2, 3),
(900, 149, 1, 4),
(901, 150, 6, 6),
(902, 150, 5, 2),
(903, 150, 4, 4),
(904, 150, 3, 4),
(905, 150, 2, 5),
(906, 150, 1, 1),
(907, 151, 6, 2),
(908, 151, 5, 5),
(909, 151, 4, 1),
(910, 151, 3, 2),
(911, 151, 2, 2),
(912, 151, 1, 4),
(913, 152, 6, 2),
(914, 152, 5, 3),
(915, 152, 4, 1),
(916, 152, 3, 3),
(917, 152, 2, 4),
(918, 152, 1, 6),
(919, 153, 6, 6),
(920, 153, 5, 4),
(921, 153, 4, 3),
(922, 153, 3, 1),
(923, 153, 2, 6),
(924, 153, 1, 4),
(925, 154, 6, 3),
(926, 154, 5, 3),
(927, 154, 4, 6),
(928, 154, 3, 6),
(929, 154, 2, 2),
(930, 154, 1, 3),
(931, 155, 6, 2),
(932, 155, 5, 2),
(933, 155, 4, 4),
(934, 155, 3, 2),
(935, 155, 2, 1),
(936, 155, 1, 4),
(937, 156, 6, 4),
(938, 156, 5, 1),
(939, 156, 4, 6),
(940, 156, 3, 3),
(941, 156, 2, 2),
(942, 156, 1, 2),
(943, 157, 6, 4),
(944, 157, 5, 1),
(945, 157, 4, 4),
(946, 157, 3, 6),
(947, 157, 2, 3),
(948, 157, 1, 3),
(949, 158, 6, 4),
(950, 158, 5, 2),
(951, 158, 4, 1),
(952, 158, 3, 3),
(953, 158, 2, 2),
(954, 158, 1, 1),
(955, 159, 6, 4),
(956, 159, 5, 2),
(957, 159, 4, 6),
(958, 159, 3, 4),
(959, 159, 2, 2),
(960, 159, 1, 3),
(961, 160, 6, 1),
(962, 160, 5, 4),
(963, 160, 4, 3),
(964, 160, 3, 2),
(965, 160, 2, 6),
(966, 160, 1, 6),
(967, 161, 6, 2),
(968, 161, 5, 1),
(969, 161, 4, 3),
(970, 161, 3, 2),
(971, 161, 2, 1),
(972, 161, 1, 3),
(973, 162, 6, 5),
(974, 162, 5, 4),
(975, 162, 4, 4),
(976, 162, 3, 3),
(977, 162, 2, 2),
(978, 162, 1, 6),
(979, 163, 6, 1),
(980, 163, 5, 2),
(981, 163, 4, 6),
(982, 163, 3, 2),
(983, 163, 2, 3),
(984, 163, 1, 1),
(985, 164, 6, 3),
(986, 164, 5, 1),
(987, 164, 4, 6),
(988, 164, 3, 2),
(989, 164, 2, 6),
(990, 164, 1, 3),
(991, 165, 6, 3),
(992, 165, 5, 4),
(993, 165, 4, 4),
(994, 165, 3, 4),
(995, 165, 2, 2),
(996, 165, 1, 2),
(997, 166, 6, 5),
(998, 166, 5, 4),
(999, 166, 4, 2),
(1000, 166, 3, 1),
(1001, 166, 2, 4),
(1002, 166, 1, 6),
(1003, 167, 6, 4),
(1004, 167, 5, 3),
(1005, 167, 4, 6),
(1006, 167, 3, 5),
(1007, 167, 2, 4),
(1008, 167, 1, 4),
(1009, 168, 6, 3),
(1010, 168, 5, 1),
(1011, 168, 4, 4),
(1012, 168, 3, 3),
(1013, 168, 2, 3),
(1014, 168, 1, 1),
(1015, 169, 6, 2),
(1016, 169, 5, 3),
(1017, 169, 4, 6),
(1018, 169, 3, 1),
(1019, 169, 2, 4),
(1020, 169, 1, 3),
(1021, 170, 6, 6),
(1022, 170, 5, 6),
(1023, 170, 4, 4),
(1024, 170, 3, 4),
(1025, 170, 2, 5),
(1026, 170, 1, 3),
(1027, 171, 6, 4),
(1028, 171, 5, 4),
(1029, 171, 4, 2),
(1030, 171, 3, 5),
(1031, 171, 2, 6),
(1032, 171, 1, 3),
(1033, 172, 6, 2),
(1034, 172, 5, 1),
(1035, 172, 4, 6),
(1036, 172, 3, 6),
(1037, 172, 2, 5),
(1038, 172, 1, 2),
(1039, 173, 6, 5),
(1040, 173, 5, 3),
(1041, 173, 4, 4),
(1042, 173, 3, 5),
(1043, 173, 2, 1),
(1044, 173, 1, 2),
(1045, 174, 6, 1),
(1046, 174, 5, 5),
(1047, 174, 4, 1),
(1048, 174, 3, 2),
(1049, 174, 2, 6),
(1050, 174, 1, 6);

-- --------------------------------------------------------

--
-- Estructura de tabla para la tabla `roles`
--

DROP TABLE IF EXISTS `roles`;
CREATE TABLE IF NOT EXISTS `roles` (
  `id` int NOT NULL AUTO_INCREMENT,
  `nombre_rol` enum('sin loguear','logueado','administrador') NOT NULL,
  PRIMARY KEY (`id`),
  UNIQUE KEY `nombre_rol` (`nombre_rol`)
) ENGINE=MyISAM AUTO_INCREMENT=4 DEFAULT CHARSET=utf8mb4 COLLATE=utf8mb4_0900_ai_ci;

--
-- Volcado de datos para la tabla `roles`
--

INSERT INTO `roles` (`id`, `nombre_rol`) VALUES
(1, 'sin loguear'),
(2, 'logueado'),
(3, 'administrador');

-- --------------------------------------------------------

--
-- Estructura de tabla para la tabla `tiers`
--

DROP TABLE IF EXISTS `tiers`;
CREATE TABLE IF NOT EXISTS `tiers` (
  `id` int NOT NULL AUTO_INCREMENT,
  `nivel` int NOT NULL,
  `efectividad` varchar(50) NOT NULL,
  `descripcion` text NOT NULL,
  PRIMARY KEY (`id`)
) ENGINE=MyISAM AUTO_INCREMENT=15 DEFAULT CHARSET=utf8mb4 COLLATE=utf8mb4_0900_ai_ci;

--
-- Volcado de datos para la tabla `tiers`
--

INSERT INTO `tiers` (`id`, `nivel`, `efectividad`, `descripcion`) VALUES
(12, 4, 'Eficaz', 'Buena penetración con probabilidad media-alta de éxito'),
(11, 3, 'Ligeramente eficaz', 'Daño moderado a armadura, mejora con impacto repetido'),
(10, 2, 'Solo Magdump', 'Tiene una probabilidad muy baja o nula al principio'),
(9, 1, 'Es posible pero...', 'No puede penetrar o comienza con una probabilidad muy baja'),
(8, 0, 'Inútil', 'No puede penetrar en una cantidad razonable de golpes'),
(13, 5, 'Muy eficaz', 'Alta probabilidad de penetración y daño significativo'),
(14, 6, 'Ignora armadura', 'Alto daño y penetración superior al 80% de las veces');

-- --------------------------------------------------------

--
-- Estructura de tabla para la tabla `usuarios`
--

DROP TABLE IF EXISTS `usuarios`;
CREATE TABLE IF NOT EXISTS `usuarios` (
  `id` int NOT NULL AUTO_INCREMENT,
  `nombre_usuario` varchar(50) NOT NULL,
  `correo` varchar(100) NOT NULL,
  `contraseña` varchar(255) NOT NULL,
  `id_rol` int NOT NULL,
  PRIMARY KEY (`id`),
  UNIQUE KEY `nombre_usuario` (`nombre_usuario`),
  UNIQUE KEY `correo` (`correo`),
  KEY `id_rol` (`id_rol`)
) ENGINE=MyISAM AUTO_INCREMENT=12 DEFAULT CHARSET=utf8mb4 COLLATE=utf8mb4_0900_ai_ci;

--
-- Volcado de datos para la tabla `usuarios`
--

INSERT INTO `usuarios` (`id`, `nombre_usuario`, `correo`, `contraseña`, `id_rol`) VALUES
(1, 'Dalvila', 'Vilaquintanadaniel@gmail.com', '$2y$10$cdclwvd14WlNKfHdN9WDkOtj4kvBn.EluWh2.goOK.TK4yQySkcKK', 2),
(2, 'ivan', 'ivan@gmail.com', '$2y$10$4hZ.5ShBXgJdmveEYCrWXOZTU7pM7/7aUa7QVoUSM.efnJ7VVQuaC', 2),
(3, 'VLAD', 'VLADLACHUPA@GMAIL.COM', '$2y$10$vkz3VHYS2x5k5VMGobq4lObmawrwauHOWLXarWUU.sHlDRWV/mRoy', 2),
(11, 'manolo', 'manolo@gmail.com', '$2y$10$v7ZbiPu1iKELAjBrUm.OkuoFY5QYT294q.2tTC2YpchiQVgSDIvl2', 2);
COMMIT;

/*!40101 SET CHARACTER_SET_CLIENT=@OLD_CHARACTER_SET_CLIENT */;
/*!40101 SET CHARACTER_SET_RESULTS=@OLD_CHARACTER_SET_RESULTS */;
/*!40101 SET COLLATION_CONNECTION=@OLD_COLLATION_CONNECTION */;
